generation, v1, v2, v3, q, v4, v5, nef, nes
5,0.00844035,0.0104937,0.0,0.0,0.0,0.0363874,514.433,438.0
