generation, v1, v2, v3, q, v4, v5, nef, nes
5,0.0,0.0,0.0,0.0149528,0.0081839,0.0,512.847,433.963
