generation, v1, v2, v3, q, v4, v5, nef, nes
5,0.0,0.0,0.0,0.0412209,0.00919217,0.011494,508.665,434.943
