generation, v1, v2, v3, q, v4, v5, nef, nes
5,0.0,0.0,0.00989238,0.0,0.0103533,0.0,521.967,438.979
