generation, v1, v2, v3, q, v4, v5, nef, nes
5,0.0,0.0,0.0104498,0.0,0.0,0.0117936,493.083,433.917
