generation, v1, v2, v3, q, v4, v5, nef, nes
5,0.0153204,0.0,0.0,0.0,0.0,0.00815466,498.004,438.979
