generation, v1, v2, v3, q, v4, v5, nef, nes
5,0.0,0.0,0.0,0.0100686,0.0,0.0141224,499.499,431.852
