generation, v1, v2, v3, q, v4, v5, nef, nes
5,0.00717366,0.0,0.0424907,0.0,0.0,0.0,518.172,437.854
